restoration_h,voll,I_uniform,cost_uniform,I_slow,cost_slow,cost_uniform_plan_under_slow,regret_usd
6,250,20,40616800.22683838,20,40774229.57676566,41279576.85628133,505347.2795156762
6,500,40,54388343.12499996,40,54363090.62499996,54965558.12499996,602467.5
6,1000,60,63625649.99999998,60,63422036.249999985,63641039.99999998,219003.74999999255
6,3000,70,70374759.99999999,60,70266108.74999996,70374759.99999999,108651.2500000298
6,5000,70,70624599.99999997,70,70507487.49999997,70624599.99999997,117112.5
12,250,40,54388343.12499996,40,54363090.62499996,54965558.12499996,602467.5
12,500,60,63625649.99999998,60,63422036.249999985,63641039.99999998,219003.74999999255
12,1000,60,67251299.99999996,60,66844072.49999997,67282079.99999996,438007.4999999851
12,3000,70,70749519.99999997,70,70608984.99999996,70749519.99999996,140535.0
12,5000,70,71249199.99999994,70,71014974.99999993,71249199.99999993,234225.0
24,250,60,63625649.99999998,60,63422036.249999985,63641039.99999998,219003.74999999255
24,500,60,67251299.99999996,60,66844072.49999997,67282079.99999996,438007.4999999851
24,1000,70,70499679.99999999,70,70405989.99999997,70499679.99999997,93690.0
24,3000,70,71499039.99999994,70,71217969.99999991,71499039.99999991,281070.0
24,5000,70,72498399.9999999,70,72029949.99999987,72498399.99999985,468449.9999999851
48,250,60,67251299.99999996,60,66844072.49999997,67282079.99999996,438007.4999999851
48,500,70,70499679.99999999,70,70405989.99999997,70499679.99999997,93690.0
48,1000,70,70999359.99999996,70,70811979.99999994,70999359.99999994,187380.0
48,3000,70,72998079.99999987,70,72435939.99999984,72998079.99999984,562140.0
48,5000,70,74996799.99999978,70,74059899.99999972,74996799.99999972,936900.0
