plan,budget,lam,L
MV,0,0.0,44.620605139230356
MV,10,0.0,31.212185447352756
MV,20,0.0,26.4041195525205
MV,30,0.0,23.523906256814087
MV,40,0.0,22.004055560792196
MV,50,0.0,21.178435209858385
MV,60,0.0,21.147044829504434
MV,70,0.0,21.147045114035926
MV,80,0.0,21.147045114035926
MV,0,0.25,45.0789341447717
MV,10,0.25,31.640358879265484
MV,20,0.25,26.902763703599152
MV,30,0.25,24.144523622603852
MV,40,0.25,22.611499933568734
MV,50,0.25,21.79956522879138
MV,60,0.25,21.769434957780728
MV,70,0.25,21.76943518884803
MV,80,0.25,21.76943518884803
MV,0,0.5,45.53726315031304
MV,10,0.5,32.06853231117822
MV,20,0.5,27.401407854677807
MV,30,0.5,24.765140988393618
MV,40,0.5,23.21894430634528
MV,50,0.5,22.42069524772437
MV,60,0.5,22.391825086057025
MV,70,0.5,22.391825263660138
MV,80,0.5,22.391825263660138
MV,0,0.75,45.995592155854375
MV,10,0.75,32.49670574309094
MV,20,0.75,27.900052005756457
MV,30,0.75,25.385758354183388
MV,40,0.75,23.82638867912182
MV,50,0.75,23.041825266657362
MV,60,0.75,23.014215214333323
MV,70,0.75,23.01421533847224
MV,80,0.75,23.01421533847224
MV,0,1.0,46.45392116139571
MV,10,1.0,32.924879175003674
MV,20,1.0,28.398696156835108
MV,30,1.0,26.006375719973153
MV,40,1.0,24.433833051898368
MV,50,1.0,23.662955285590357
MV,60,1.0,23.636605342609624
MV,70,1.0,23.636605413284347
MV,80,1.0,23.636605413284347
RO,0,0.0,44.620605139230356
RO,10,0.0,23.451275527630308
RO,20,0.0,15.127844877582577
RO,30,0.0,8.765967421707765
RO,40,0.0,4.996731249999987
RO,50,0.0,2.468296874999988
RO,60,0.0,0.6042749999999966
RO,70,0.0,0.02081999999999909
RO,80,0.0,-2.670525476103358e-16
RO,0,0.25,45.0789341447717
RO,10,0.25,23.602739787849796
RO,20,0.25,15.13511818304736
RO,30,0.25,8.824946015457765
RO,40,0.25,5.003567968749988
RO,50,0.25,2.475557968749988
RO,60,0.25,0.6049162499999966
RO,70,0.25,0.02081999999999902
RO,80,0.25,-2.670525476103358e-16
RO,0,0.5,45.53726315031304
RO,10,0.5,23.75420404806929
RO,20,0.5,15.142391488512146
RO,30,0.5,8.883924609207765
RO,40,0.5,5.010404687499988
RO,50,0.5,2.482819062499988
RO,60,0.5,0.6055574999999966
RO,70,0.5,0.020819999999998954
RO,80,0.5,-2.670525476103358e-16
RO,0,0.75,45.995592155854375
RO,10,0.75,23.90566830828878
RO,20,0.75,15.149664793976932
RO,30,0.75,8.942903202957766
RO,40,0.75,5.017241406249988
RO,50,0.75,2.490080156249988
RO,60,0.75,0.6061987499999966
RO,70,0.75,0.02081999999999888
RO,80,0.75,-2.670525476103358e-16
RO,0,1.0,46.45392116139571
RO,10,1.0,24.05713256850827
RO,20,1.0,15.156938099441717
RO,30,1.0,9.001881796707764
RO,40,1.0,5.0240781249999875
RO,50,1.0,2.4973412499999883
RO,60,1.0,0.6068399999999967
RO,70,1.0,0.020819999999998815
RO,80,1.0,-2.670525476103358e-16
SO,0,0.0,44.620605139230356
SO,10,0.0,22.201997009593832
SO,20,0.0,13.744533484558922
SO,30,0.0,8.302298749999991
SO,40,0.0,4.796114374999988
SO,50,0.0,2.3515137499999885
SO,60,0.0,0.6042749999999966
SO,70,0.0,0.02081999999999909
SO,80,0.0,-2.670525476103358e-16
SO,0,0.25,45.0789341447717
SO,10,0.25,22.309129428557192
SO,20,0.25,13.854996256132745
SO,30,0.25,8.345996562499991
SO,40,0.25,4.844215624999988
SO,50,0.25,2.3853153124999884
SO,60,0.25,0.6049162499999966
SO,70,0.25,0.02081999999999902
SO,80,0.25,-2.670525476103358e-16
SO,0,0.5,45.53726315031304
SO,10,0.5,22.41626184752056
SO,20,0.5,13.965459027706572
SO,30,0.5,8.38969437499999
SO,40,0.5,4.892316874999988
SO,50,0.5,2.4191168749999887
SO,60,0.5,0.6055574999999966
SO,70,0.5,0.020819999999998954
SO,80,0.5,-2.670525476103358e-16
SO,0,0.75,45.995592155854375
SO,10,0.75,22.52339426648392
SO,20,0.75,14.075921799280398
SO,30,0.75,8.43339218749999
SO,40,0.75,4.9404181249999874
SO,50,0.75,2.4529184374999886
SO,60,0.75,0.6061987499999966
SO,70,0.75,0.02081999999999888
SO,80,0.75,-2.670525476103358e-16
SO,0,1.0,46.45392116139571
SO,10,1.0,22.630526685447283
SO,20,1.0,14.186384570854223
SO,30,1.0,8.47708999999999
SO,40,1.0,4.988519374999987
SO,50,1.0,2.4867199999999885
SO,60,1.0,0.6068399999999967
SO,70,1.0,0.020819999999998815
SO,80,1.0,-2.670525476103358e-16
