budget,L_star_slow_solver,bound,gap,status,solve_time_s,spend,n_hardened,x__98,x__236,x__239,x__241,x__243,x__244,x__247,x__248,x__249,x__250,x__251,x__255,x__256,x__258,x__260,x__261,x__263,x__264,x__265,x__266,x__269,x__270,x__271,x__272,x__273,x__274,x__275,x__276,x__277,x__278,x__279,x__280,x__281,x__282,x__283,x__284,x__285,x__286,x__287,x__288,x__289,x__290,x__291,x__292,x__294,x__295,x__296,x__297,x__298,x__299,x__300,x__301,x__302,x__303,x__308,x__309,x__310,x__311,x__312,x__313,x__314,x__315,x__321,x__323,x__324,x__327,x__328,x__329,x__330,x__331,x__332,x__333,x__334,x__336,x__337,x__338,x__339,x__340,x__341,x__343,x__347,x__349,x__350,x__351,x__353,x__358,x__359,x__361,x__560,x__631,x__681,x__718,x__720,x__722,x__733,x__735,x__736,x__749,x__752,x__756,x__760,x__765,x__772,x__775,x__786,x__788,x__792,x__796,x__802,x__808,x__822,x__823,x__827,x__828,x__840,x__842,x__862,x__866,x__867,x__870,x__881,x__887,x__898,x__900,x__908,x__909,x__910,x__922,x__923,x__924,x__925,x__926,x__927,x__928,x__929,x__930,x__931,x__932,x__933,x__934,x__935,x__936,x__937,x__938,x__939,x__940,x__941,x__942,x__943,x__944,x__945,x__946,x__947,x__948,x__949,x__950,x__951,x__952,x__953,x__954,x__955,x__956,x__957,x__958,x__959,x__960,x__961,x__962,x__963,x__964,x__965,x__966,x__967,x__968,x__969,x__970,x__971,x__972,x__973,x__974,x__975,x__976,x__977,x__978,x__979,x__980,x__981,x__982,x__983,x__984,x__985,x__986,x__987,x__988,x__989,x__990,x__991,x__992,x__993,x__994,x__995,x__996,x__997,x__998,x__999,x__1000,x__1001,x__1002,x__1003,x__1004,x__1005,x__1006,x__1007,x__1008,x__1009,x__1010,x__1011,x__1012,x__1013,x__1014,x__1015,x__1016,x__1017,x__1018,x__1019,x__1020,x__1021,x__1022,x__1023,x__1024,x__1025,x__1026,x__1027,x__1028,x__1029,x__1030,x__1031,x__1032,x__1033,x__1034,x__1035,x__1036,x__1037,x__1038,x__1039,x__1040,x__1041,x__1042,x__1043,x__1044,x__1045,x__1046,x__1047,x__1048,x__1049,x__1050,x__1051,x__1052,x__1053,x__1054,x__1055,x__1056,x__1057,x__1058,x__1059,x__1060,x__1061,x__1062,x__1063,x__1064,x__1065,x__1066,x__1067,x__1068,x__1069,x__1070,x__1071,x__1072,x__1073,x__1074,x__1075,x__1076,x__1077,x__1078,x__1079,x__1080,x__1081,x__1082,x__1083,x__1084,x__1085,x__1086,x__1087,x__1088,x__1089,x__1090,x__1091,x__1092,x__1093,x__1094,x__1095,x__1096,x__1097,x__1098,x__1099,x__1100,x__1101,x__1102,x__1103,x__1104,x__1105,x__1106,x__1107,x__1108,x__1109,x__1110,x__1111,x__1112,x__1113,x__1114,x__1115,x__1116,x__1117,x__1118,x__1119,x__1120,x__1121,x__1122,x__1123,x__1124,x__1125,x__1126,x__1127,x__1128,x__1129,x__1130,x__1131,x__1132,x__1133,x__1134,x__1135,x__1136,x__1137,x__1138,x__1139,x__1140,x__1141,x__1142,x__1143,x__1144,x__1145,x__1146,x__1147,x__1148,x__1157,x__1160,x__1176,x__1195,x__1200,x__1213,x__1229,x__1239
0,46.45510420528899,46.2866001085506,0.0036272461255011873,2,1.6703011989593506,0.0,0,-0.0,-0.0,-0.0,0.0,-0.0,-0.0,0.0,-0.0,-0.0,-0.0,-0.0,-0.0,-0.0,-0.0,-0.0,-0.0,-0.0,-0.0,-0.0,-0.0,-0.0,-0.0,-0.0,-0.0,-0.0,0.0,-0.0,-0.0,-0.0,-0.0,-0.0,-0.0,-0.0,-0.0,-0.0,-0.0,-0.0,0.0,0.0,0.0,-0.0,-0.0,-0.0,-0.0,-0.0,-0.0,-0.0,0.0,-0.0,0.0,-0.0,0.0,-0.0,-0.0,-0.0,-0.0,-0.0,0.0,-0.0,-0.0,-0.0,-0.0,-0.0,-0.0,-0.0,0.0,-0.0,0.0,-0.0,-0.0,0.0,-0.0,0.0,-0.0,-0.0,-0.0,-0.0,0.0,-0.0,0.0,-0.0,0.0,0.0,-0.0,-0.0,-0.0,-0.0,-0.0,-0.0,-0.0,-0.0,-0.0,-0.0,-0.0,-0.0,-0.0,-0.0,-0.0,-0.0,-0.0,-0.0,-0.0,-0.0,-0.0,-0.0,-0.0,-0.0,-0.0,-0.0,-0.0,-0.0,-0.0,-0.0,-0.0,-0.0,-0.0,-0.0,-0.0,-0.0,-0.0,-0.0,-0.0,-0.0,-0.0,-0.0,-0.0,-0.0,-0.0,0.0,-0.0,-0.0,-0.0,-0.0,-0.0,0.0,-0.0,-0.0,0.0,-0.0,-0.0,-0.0,-0.0,-0.0,-0.0,-0.0,-0.0,-0.0,-0.0,-0.0,-0.0,-0.0,-0.0,-0.0,0.0,-0.0,-0.0,0.0,0.0,0.0,0.0,0.0,0.0,0.0,0.0,0.0,-0.0,-0.0,-0.0,-0.0,-0.0,-0.0,-0.0,-0.0,-0.0,0.0,-0.0,-0.0,0.0,0.0,-0.0,-0.0,-0.0,0.0,-0.0,0.0,-0.0,-0.0,-0.0,-0.0,0.0,-0.0,0.0,-0.0,-0.0,-0.0,-0.0,-0.0,-0.0,0.0,-0.0,-0.0,-0.0,-0.0,-0.0,-0.0,-0.0,0.0,-0.0,-0.0,-0.0,-0.0,-0.0,-0.0,-0.0,-0.0,-0.0,-0.0,-0.0,-0.0,-0.0,0.0,0.0,-0.0,-0.0,-0.0,-0.0,-0.0,-0.0,-0.0,-0.0,0.0,-0.0,-0.0,-0.0,-0.0,-0.0,-0.0,0.0,-0.0,-0.0,-0.0,-0.0,-0.0,-0.0,-0.0,-0.0,-0.0,-0.0,-0.0,-0.0,-0.0,-0.0,-0.0,-0.0,-0.0,-0.0,-0.0,-0.0,0.0,-0.0,-0.0,-0.0,-0.0,-0.0,-0.0,0.0,0.0,0.0,-0.0,-0.0,0.0,-0.0,-0.0,-0.0,0.0,0.0,-0.0,-0.0,-0.0,0.0,0.0,-0.0,-0.0,-0.0,-0.0,-0.0,-0.0,0.0,0.0,0.0,-0.0,-0.0,-0.0,-0.0,-0.0,0.0,-0.0,-0.0,-0.0,-0.0,-0.0,0.0,-0.0,-0.0,0.0,-0.0,-0.0,-0.0,-0.0,0.0,-0.0,-0.0,0.0,-0.0,-0.0,0.0,0.0,-0.0,-0.0,-0.0,-0.0,-0.0,-0.0,-0.0,-0.0,-0.0,-0.0,-0.0,-0.0,-0.0,-0.0,-0.0,-0.0,-0.0,0.0,0.0,-0.0,0.0,0.0,-0.0,-0.0,0.0,-0.0,-0.0,-0.0,-0.0,0.0,-0.0,0.0,-0.0,0.0,-0.0,-0.0,-0.0,-0.0,-0.0,-0.0,-0.0,-0.0,-0.0,-0.0,-0.0
40,4.7876968688597685,4.763967496829082,0.00495632298381872,2,1121.5196487903595,40000000.0,44,-0.0,-0.0,-0.0,-0.0,-0.0,-0.0,11.0,-0.0,-0.0,-0.0,-0.0,-0.0,-0.0,-0.0,-0.0,-0.0,-0.0,-0.0,-0.0,-0.0,-0.0,-0.0,-0.0,-0.0,-0.0,-0.0,-0.0,-0.0,-0.0,-0.0,-0.0,-0.0,-0.0,-0.0,-0.0,-0.0,-0.0,-0.0,-0.0,-0.0,-0.0,-0.0,-0.0,-0.0,-0.0,-0.0,-0.0,9.0,-0.0,7.0,-0.0,11.0,-0.0,-0.0,-0.0,-0.0,-0.0,7.0,-0.0,-0.0,-0.0,-0.0,-0.0,-0.0,-0.0,7.0,-0.0,-0.0,-0.0,-0.0,7.0,-0.0,13.0,-0.0,-0.0,-0.0,-0.0,-0.0,-0.0,-0.0,-0.0,-0.0,0.0,-0.0,-0.0,-0.0,-0.0,-0.0,-0.0,-0.0,-0.0,-0.0,-0.0,-0.0,-0.0,-0.0,-0.0,-0.0,-0.0,-0.0,-0.0,-0.0,-0.0,-0.0,-0.0,-0.0,-0.0,-0.0,-0.0,-0.0,-0.0,-0.0,-0.0,-0.0,-0.0,-0.0,-0.0,-0.0,-0.0,-0.0,-0.0,-0.0,-0.0,-0.0,-0.0,-0.0,-0.0,-0.0,10.0,-0.0,-0.0,-0.0,-0.0,-0.0,1.0,-0.0,-0.0,-0.0,-0.0,-0.0,-0.0,-0.0,-0.0,-0.0,-0.0,-0.0,-0.0,-0.0,-0.0,-0.0,-0.0,-0.0,-0.0,-0.0,-0.0,-0.0,3.0,-0.0,21.0,21.0,12.0,12.0,14.0,0.0,1.0,-0.0,-0.0,-0.0,-0.0,-0.0,-0.0,-0.0,-0.0,-0.0,12.0,-0.0,-0.0,3.0,14.0,-0.0,-0.0,-0.0,2.0,-0.0,-0.0,-0.0,-0.0,-0.0,-0.0,19.0,-0.0,11.0,-0.0,-0.0,-0.0,-0.0,-0.0,-0.0,6.0,-0.0,-0.0,-0.0,-0.0,-0.0,-0.0,-0.0,6.0,-0.0,-0.0,-0.0,-0.0,-0.0,-0.0,-0.0,-0.0,-0.0,-0.0,-0.0,-0.0,-0.0,-0.0,14.0,-0.0,-0.0,-0.0,-0.0,-0.0,-0.0,-0.0,-0.0,1.0,-0.0,-0.0,-0.0,-0.0,-0.0,-0.0,12.0,-0.0,-0.0,-0.0,-0.0,-0.0,-0.0,-0.0,-0.0,-0.0,-0.0,-0.0,-0.0,-0.0,-0.0,-0.0,-0.0,-0.0,-0.0,-0.0,-0.0,4.0,-0.0,-0.0,-0.0,-0.0,-0.0,-0.0,6.0,5.0,21.0,-0.0,-0.0,-0.0,-0.0,-0.0,-0.0,8.0,12.0,-0.0,-0.0,-0.0,6.0,-0.0,-0.0,-0.0,-0.0,-0.0,-0.0,-0.0,11.0,-0.0,-0.0,-0.0,-0.0,-0.0,-0.0,-0.0,8.0,-0.0,-0.0,-0.0,-0.0,-0.0,-0.0,-0.0,-0.0,2.0,-0.0,-0.0,-0.0,-0.0,1.0,-0.0,-0.0,-0.0,-0.0,-0.0,5.0,-0.0,-0.0,-0.0,-0.0,-0.0,-0.0,-0.0,-0.0,-0.0,-0.0,-0.0,-0.0,-0.0,-0.0,-0.0,-0.0,-0.0,-0.0,-0.0,9.0,-0.0,-0.0,10.0,-0.0,-0.0,-0.0,-0.0,-0.0,-0.0,-0.0,9.0,-0.0,5.0,-0.0,-0.0,-0.0,-0.0,-0.0,-0.0,-0.0,-0.0,-0.0,-0.0,-0.0,-0.0,-0.0
50,2.3344374745709615,2.3344374745709615,0.0,2,1497.569034576416,50000000.0,52,-0.0,-0.0,-0.0,-0.0,-0.0,-0.0,11.0,-0.0,-0.0,-0.0,-0.0,-0.0,-0.0,-0.0,-0.0,-0.0,-0.0,-0.0,-0.0,-0.0,-0.0,-0.0,-0.0,-0.0,-0.0,-0.0,-0.0,-0.0,-0.0,-0.0,-0.0,-0.0,-0.0,-0.0,-0.0,-0.0,-0.0,3.0,1.0,-0.0,-0.0,-0.0,-0.0,-0.0,-0.0,-0.0,-0.0,9.0,-0.0,7.0,-0.0,11.0,-0.0,-0.0,-0.0,-0.0,-0.0,7.0,-0.0,-0.0,-0.0,-0.0,-0.0,-0.0,-0.0,7.0,-0.0,-0.0,-0.0,-0.0,7.0,-0.0,13.0,-0.0,-0.0,-0.0,-0.0,-0.0,-0.0,-0.0,-0.0,-0.0,1.0,-0.0,-0.0,-0.0,-0.0,-0.0,-0.0,-0.0,-0.0,-0.0,-0.0,-0.0,-0.0,-0.0,-0.0,-0.0,-0.0,-0.0,-0.0,-0.0,-0.0,-0.0,-0.0,-0.0,-0.0,-0.0,-0.0,-0.0,-0.0,-0.0,-0.0,-0.0,-0.0,-0.0,-0.0,-0.0,-0.0,-0.0,-0.0,-0.0,-0.0,-0.0,-0.0,-0.0,-0.0,-0.0,10.0,-0.0,-0.0,-0.0,-0.0,-0.0,1.0,-0.0,-0.0,18.0,-0.0,-0.0,-0.0,-0.0,-0.0,-0.0,-0.0,-0.0,-0.0,-0.0,-0.0,-0.0,-0.0,-0.0,-0.0,-0.0,-0.0,-0.0,3.0,-0.0,21.0,21.0,12.0,12.0,14.0,-0.0,5.0,-0.0,-0.0,-0.0,-0.0,-0.0,-0.0,-0.0,-0.0,-0.0,12.0,-0.0,-0.0,4.0,14.0,-0.0,-0.0,-0.0,5.0,-0.0,-0.0,-0.0,-0.0,-0.0,-0.0,19.0,-0.0,11.0,-0.0,-0.0,-0.0,-0.0,-0.0,-0.0,6.0,-0.0,-0.0,-0.0,-0.0,-0.0,-0.0,-0.0,6.0,-0.0,-0.0,-0.0,-0.0,-0.0,-0.0,-0.0,-0.0,-0.0,-0.0,-0.0,-0.0,-0.0,-0.0,14.0,-0.0,-0.0,-0.0,-0.0,-0.0,-0.0,-0.0,-0.0,1.0,-0.0,-0.0,-0.0,-0.0,-0.0,-0.0,12.0,-0.0,-0.0,-0.0,-0.0,-0.0,-0.0,-0.0,-0.0,-0.0,-0.0,-0.0,-0.0,-0.0,-0.0,-0.0,-0.0,-0.0,-0.0,-0.0,-0.0,4.0,-0.0,-0.0,-0.0,-0.0,-0.0,-0.0,6.0,5.0,21.0,-0.0,-0.0,19.0,-0.0,-0.0,-0.0,8.0,12.0,-0.0,-0.0,-0.0,6.0,-0.0,-0.0,-0.0,-0.0,-0.0,-0.0,-0.0,11.0,8.0,0.0,-0.0,-0.0,-0.0,-0.0,-0.0,8.0,-0.0,-0.0,-0.0,-0.0,-0.0,-0.0,-0.0,-0.0,2.0,-0.0,-0.0,-0.0,-0.0,1.0,-0.0,-0.0,-0.0,-0.0,-0.0,5.0,19.0,-0.0,-0.0,-0.0,-0.0,-0.0,-0.0,-0.0,-0.0,-0.0,-0.0,-0.0,-0.0,-0.0,-0.0,-0.0,-0.0,-0.0,-0.0,9.0,-0.0,21.0,10.0,-0.0,-0.0,-0.0,-0.0,-0.0,-0.0,-0.0,9.0,-0.0,5.0,-0.0,-0.0,-0.0,-0.0,-0.0,-0.0,-0.0,-0.0,-0.0,-0.0,-0.0,-0.0,-0.0
60,0.5703393742711,0.5703393742711,0.0,2,1932.5527439117432,59950000.0,58,-0.0,-0.0,-0.0,-0.0,-0.0,-0.0,11.0,-0.0,-0.0,-0.0,-0.0,-0.0,-0.0,-0.0,-0.0,-0.0,-0.0,-0.0,-0.0,-0.0,-0.0,-0.0,-0.0,-0.0,-0.0,18.0,-0.0,-0.0,-0.0,-0.0,-0.0,-0.0,-0.0,-0.0,-0.0,-0.0,-0.0,3.0,1.0,-0.0,-0.0,-0.0,-0.0,-0.0,-0.0,-0.0,-0.0,9.0,-0.0,10.0,-0.0,11.0,-0.0,-0.0,-0.0,-0.0,-0.0,7.0,-0.0,-0.0,-0.0,-0.0,-0.0,-0.0,-0.0,7.0,-0.0,-0.0,-0.0,-0.0,7.0,-0.0,13.0,-0.0,-0.0,-0.0,-0.0,18.0,-0.0,-0.0,-0.0,0.0,1.0,-0.0,-0.0,-0.0,-0.0,-0.0,-0.0,-0.0,-0.0,-0.0,-0.0,-0.0,-0.0,-0.0,-0.0,-0.0,-0.0,-0.0,-0.0,-0.0,-0.0,-0.0,-0.0,-0.0,-0.0,-0.0,-0.0,-0.0,-0.0,-0.0,-0.0,-0.0,-0.0,-0.0,-0.0,-0.0,-0.0,-0.0,-0.0,-0.0,-0.0,-0.0,-0.0,-0.0,-0.0,-0.0,10.0,-0.0,-0.0,-0.0,-0.0,-0.0,1.0,-0.0,-0.0,18.0,-0.0,-0.0,-0.0,-0.0,-0.0,-0.0,-0.0,-0.0,-0.0,-0.0,-0.0,-0.0,-0.0,-0.0,-0.0,-0.0,-0.0,-0.0,3.0,0.0,21.0,21.0,12.0,12.0,14.0,-0.0,5.0,-0.0,-0.0,-0.0,-0.0,-0.0,-0.0,-0.0,-0.0,-0.0,12.0,-0.0,-0.0,4.0,14.0,-0.0,-0.0,-0.0,5.0,-0.0,0.0,-0.0,-0.0,-0.0,-0.0,19.0,-0.0,11.0,-0.0,-0.0,-0.0,-0.0,-0.0,-0.0,6.0,-0.0,-0.0,-0.0,-0.0,-0.0,-0.0,-0.0,6.0,-0.0,-0.0,-0.0,-0.0,-0.0,-0.0,-0.0,-0.0,-0.0,-0.0,-0.0,-0.0,-0.0,-0.0,14.0,-0.0,-0.0,-0.0,-0.0,-0.0,-0.0,-0.0,-0.0,1.0,-0.0,-0.0,-0.0,-0.0,-0.0,-0.0,12.0,-0.0,-0.0,-0.0,-0.0,-0.0,-0.0,-0.0,-0.0,-0.0,-0.0,-0.0,-0.0,-0.0,-0.0,-0.0,-0.0,-0.0,-0.0,-0.0,-0.0,4.0,-0.0,-0.0,-0.0,-0.0,-0.0,-0.0,6.0,5.0,21.0,-0.0,-0.0,19.0,-0.0,-0.0,-0.0,8.0,12.0,-0.0,-0.0,-0.0,6.0,0.0,-0.0,-0.0,-0.0,-0.0,-0.0,-0.0,11.0,8.0,5.0,-0.0,-0.0,-0.0,-0.0,-0.0,8.0,-0.0,-0.0,-0.0,-0.0,-0.0,14.0,-0.0,-0.0,2.0,-0.0,-0.0,-0.0,-0.0,1.0,-0.0,-0.0,17.0,-0.0,-0.0,5.0,19.0,-0.0,-0.0,-0.0,-0.0,-0.0,-0.0,-0.0,-0.0,-0.0,-0.0,-0.0,-0.0,-0.0,-0.0,-0.0,-0.0,-0.0,0.0,9.0,-0.0,21.0,12.0,-0.0,-0.0,-0.0,-0.0,-0.0,-0.0,-0.0,9.0,-0.0,5.0,-0.0,21.0,-0.0,-0.0,-0.0,-0.0,-0.0,-0.0,-0.0,-0.0,-0.0,-0.0,-0.0
70,0.016916250000065247,0.016916250000065247,0.0,2,19.667323350906372,69925000.0,65,-0.0,-0.0,-0.0,-0.0,-0.0,-0.0,11.0,-0.0,-0.0,-0.0,-0.0,-0.0,-0.0,-0.0,-0.0,-0.0,-0.0,-0.0,-0.0,-0.0,-0.0,-0.0,-0.0,-0.0,-0.0,18.0,-0.0,-0.0,-0.0,-0.0,-0.0,-0.0,-0.0,-0.0,-0.0,-0.0,-0.0,-0.0,1.0,6.0,-0.0,-0.0,-0.0,-0.0,-0.0,-0.0,-0.0,9.0,-0.0,10.0,-0.0,11.0,-0.0,-0.0,-0.0,-0.0,-0.0,7.0,-0.0,-0.0,-0.0,-0.0,-0.0,-0.0,-0.0,7.0,-0.0,-0.0,-0.0,-0.0,7.0,-0.0,13.0,-0.0,-0.0,-0.0,-0.0,18.0,-0.0,18.0,-0.0,15.0,1.0,-0.0,-0.0,-0.0,-0.0,-0.0,-0.0,-0.0,-0.0,-0.0,-0.0,-0.0,-0.0,-0.0,-0.0,-0.0,-0.0,-0.0,-0.0,-0.0,-0.0,-0.0,-0.0,-0.0,-0.0,-0.0,-0.0,-0.0,-0.0,-0.0,-0.0,-0.0,-0.0,-0.0,-0.0,-0.0,-0.0,-0.0,-0.0,-0.0,-0.0,-0.0,-0.0,-0.0,-0.0,-0.0,10.0,-0.0,-0.0,-0.0,-0.0,-0.0,1.0,-0.0,-0.0,18.0,-0.0,-0.0,-0.0,-0.0,-0.0,-0.0,-0.0,-0.0,-0.0,-0.0,-0.0,-0.0,-0.0,-0.0,-0.0,-0.0,-0.0,-0.0,3.0,16.0,21.0,21.0,12.0,12.0,14.0,5.0,5.0,-0.0,-0.0,-0.0,-0.0,-0.0,-0.0,-0.0,-0.0,-0.0,12.0,-0.0,-0.0,4.0,14.0,-0.0,-0.0,-0.0,5.0,-0.0,13.0,-0.0,-0.0,-0.0,-0.0,19.0,-0.0,11.0,-0.0,-0.0,-0.0,-0.0,-0.0,-0.0,6.0,-0.0,-0.0,-0.0,-0.0,-0.0,-0.0,-0.0,6.0,-0.0,-0.0,-0.0,-0.0,-0.0,-0.0,-0.0,-0.0,-0.0,-0.0,-0.0,-0.0,-0.0,-0.0,14.0,-0.0,-0.0,-0.0,-0.0,-0.0,-0.0,-0.0,-0.0,1.0,-0.0,-0.0,-0.0,-0.0,-0.0,-0.0,12.0,-0.0,-0.0,-0.0,-0.0,-0.0,-0.0,-0.0,-0.0,-0.0,-0.0,-0.0,-0.0,-0.0,-0.0,-0.0,-0.0,-0.0,-0.0,-0.0,-0.0,4.0,-0.0,-0.0,-0.0,-0.0,-0.0,-0.0,6.0,5.0,21.0,-0.0,-0.0,19.0,-0.0,-0.0,-0.0,8.0,12.0,-0.0,-0.0,-0.0,6.0,11.0,-0.0,-0.0,-0.0,-0.0,-0.0,-0.0,11.0,8.0,8.0,-0.0,-0.0,-0.0,-0.0,-0.0,8.0,-0.0,-0.0,-0.0,-0.0,-0.0,14.0,-0.0,-0.0,2.0,-0.0,-0.0,-0.0,-0.0,1.0,-0.0,-0.0,17.0,-0.0,-0.0,5.0,19.0,-0.0,-0.0,-0.0,-0.0,-0.0,-0.0,-0.0,-0.0,-0.0,-0.0,-0.0,-0.0,-0.0,-0.0,-0.0,-0.0,-0.0,-0.0,9.0,-0.0,21.0,12.0,-0.0,-0.0,14.0,-0.0,-0.0,-0.0,-0.0,9.0,-0.0,5.0,-0.0,21.0,-0.0,-0.0,-0.0,-0.0,-0.0,-0.0,-0.0,-0.0,-0.0,-0.0,-0.0
80,1.1368683772161603e-13,1.1368683772161603e-13,0.0,2,1.683978796005249,72575000.0,71,-0.0,-0.0,-0.0,1.0,-0.0,-0.0,11.0,-0.0,-0.0,-0.0,-0.0,-0.0,-0.0,-0.0,-0.0,-0.0,-0.0,-0.0,-0.0,-0.0,-0.0,-0.0,-0.0,-0.0,-0.0,18.0,-0.0,-0.0,-0.0,-0.0,-0.0,-0.0,-0.0,-0.0,-0.0,-0.0,-0.0,2.0,1.0,14.0,-0.0,-0.0,-0.0,-0.0,-0.0,-0.0,-0.0,9.0,-0.0,10.0,-0.0,11.0,-0.0,-0.0,-0.0,-0.0,-0.0,7.0,-0.0,-0.0,-0.0,-0.0,-0.0,-0.0,-0.0,7.0,-0.0,1.0,-0.0,-0.0,7.0,-0.0,13.0,-0.0,-0.0,-0.0,-0.0,18.0,-0.0,18.0,-0.0,15.0,1.0,-0.0,-0.0,-0.0,-0.0,-0.0,-0.0,-0.0,-0.0,-0.0,-0.0,-0.0,-0.0,-0.0,-0.0,-0.0,-0.0,-0.0,-0.0,-0.0,-0.0,-0.0,-0.0,-0.0,-0.0,-0.0,-0.0,-0.0,-0.0,-0.0,-0.0,-0.0,-0.0,-0.0,-0.0,-0.0,-0.0,-0.0,-0.0,-0.0,-0.0,-0.0,-0.0,-0.0,-0.0,-0.0,10.0,-0.0,-0.0,-0.0,-0.0,-0.0,1.0,-0.0,-0.0,18.0,-0.0,-0.0,-0.0,-0.0,-0.0,-0.0,-0.0,-0.0,-0.0,-0.0,-0.0,-0.0,-0.0,-0.0,-0.0,1.0,-0.0,-0.0,3.0,16.0,21.0,21.0,12.0,12.0,14.0,5.0,5.0,-0.0,-0.0,-0.0,-0.0,-0.0,-0.0,-0.0,-0.0,-0.0,12.0,-0.0,-0.0,4.0,14.0,-0.0,-0.0,-0.0,5.0,-0.0,13.0,-0.0,-0.0,-0.0,-0.0,19.0,-0.0,11.0,-0.0,-0.0,-0.0,-0.0,-0.0,-0.0,6.0,-0.0,-0.0,-0.0,-0.0,-0.0,-0.0,-0.0,6.0,-0.0,-0.0,-0.0,-0.0,-0.0,-0.0,-0.0,-0.0,-0.0,-0.0,-0.0,-0.0,-0.0,10.0,14.0,-0.0,-0.0,-0.0,-0.0,-0.0,-0.0,-0.0,-0.0,1.0,-0.0,-0.0,-0.0,-0.0,-0.0,-0.0,12.0,-0.0,-0.0,-0.0,-0.0,-0.0,-0.0,-0.0,-0.0,-0.0,-0.0,-0.0,-0.0,-0.0,-0.0,-0.0,-0.0,-0.0,-0.0,-0.0,-0.0,4.0,-0.0,-0.0,-0.0,-0.0,-0.0,-0.0,6.0,5.0,21.0,-0.0,-0.0,19.0,-0.0,-0.0,-0.0,8.0,12.0,-0.0,-0.0,-0.0,6.0,11.0,-0.0,-0.0,-0.0,-0.0,-0.0,-0.0,11.0,8.0,8.0,-0.0,-0.0,-0.0,-0.0,-0.0,8.0,-0.0,-0.0,-0.0,-0.0,-0.0,14.0,-0.0,-0.0,2.0,-0.0,-0.0,-0.0,-0.0,1.0,-0.0,-0.0,17.0,-0.0,-0.0,5.0,19.0,-0.0,-0.0,-0.0,-0.0,-0.0,-0.0,-0.0,-0.0,-0.0,-0.0,-0.0,-0.0,-0.0,-0.0,-0.0,-0.0,-0.0,2.0,9.0,-0.0,21.0,12.0,-0.0,-0.0,14.0,-0.0,-0.0,-0.0,-0.0,9.0,-0.0,5.0,-0.0,21.0,-0.0,-0.0,-0.0,-0.0,-0.0,-0.0,-0.0,-0.0,-0.0,-0.0,-0.0
10,22.6111598838354,22.611022885534396,6.058879849863952e-06,2,1277.0098958015442,9925000.0,13,-0.0,-0.0,-0.0,-0.0,-0.0,-0.0,-0.0,-0.0,-0.0,-0.0,-0.0,-0.0,-0.0,-0.0,-0.0,-0.0,-0.0,-0.0,-0.0,-0.0,-0.0,-0.0,-0.0,-0.0,-0.0,0.0,-0.0,-0.0,-0.0,-0.0,-0.0,-0.0,-0.0,-0.0,-0.0,-0.0,-0.0,0.0,-0.0,-0.0,-0.0,-0.0,-0.0,-0.0,-0.0,-0.0,-0.0,-0.0,-0.0,-0.0,-0.0,-0.0,-0.0,-0.0,-0.0,-0.0,-0.0,0.0,-0.0,-0.0,-0.0,-0.0,-0.0,-0.0,-0.0,0.0,-0.0,-0.0,-0.0,-0.0,4.0,-0.0,13.0,-0.0,-0.0,-0.0,-0.0,-0.0,-0.0,-0.0,-0.0,-0.0,0.0,-0.0,-0.0,-0.0,-0.0,-0.0,-0.0,-0.0,-0.0,-0.0,-0.0,-0.0,-0.0,-0.0,-0.0,-0.0,-0.0,-0.0,-0.0,-0.0,-0.0,-0.0,-0.0,-0.0,-0.0,-0.0,-0.0,-0.0,-0.0,-0.0,-0.0,-0.0,-0.0,-0.0,-0.0,-0.0,-0.0,-0.0,-0.0,-0.0,-0.0,-0.0,-0.0,-0.0,-0.0,-0.0,10.0,-0.0,-0.0,-0.0,-0.0,-0.0,0.0,-0.0,-0.0,-0.0,-0.0,-0.0,-0.0,-0.0,-0.0,-0.0,-0.0,-0.0,-0.0,-0.0,-0.0,-0.0,-0.0,-0.0,-0.0,0.0,-0.0,-0.0,3.0,-0.0,-0.0,-0.0,12.0,1.0,14.0,0.0,0.0,-0.0,-0.0,-0.0,-0.0,-0.0,-0.0,-0.0,-0.0,-0.0,-0.0,-0.0,-0.0,0.0,13.0,-0.0,-0.0,-0.0,0.0,-0.0,-0.0,-0.0,-0.0,-0.0,-0.0,-0.0,-0.0,-0.0,-0.0,-0.0,-0.0,-0.0,-0.0,-0.0,0.0,-0.0,-0.0,-0.0,-0.0,-0.0,-0.0,-0.0,0.0,-0.0,-0.0,-0.0,-0.0,-0.0,-0.0,-0.0,-0.0,-0.0,-0.0,-0.0,-0.0,-0.0,-0.0,-0.0,-0.0,-0.0,-0.0,-0.0,-0.0,-0.0,-0.0,-0.0,-0.0,-0.0,-0.0,-0.0,-0.0,-0.0,-0.0,0.0,-0.0,-0.0,-0.0,-0.0,-0.0,-0.0,-0.0,-0.0,-0.0,-0.0,-0.0,-0.0,-0.0,-0.0,-0.0,-0.0,-0.0,-0.0,-0.0,-0.0,3.0,-0.0,-0.0,-0.0,-0.0,-0.0,-0.0,0.0,3.0,-0.0,-0.0,-0.0,-0.0,-0.0,-0.0,-0.0,-0.0,-0.0,-0.0,-0.0,-0.0,0.0,-0.0,-0.0,-0.0,-0.0,-0.0,-0.0,-0.0,-0.0,-0.0,-0.0,-0.0,-0.0,-0.0,-0.0,-0.0,8.0,-0.0,-0.0,-0.0,-0.0,-0.0,-0.0,-0.0,-0.0,0.0,-0.0,-0.0,-0.0,-0.0,-0.0,-0.0,-0.0,-0.0,-0.0,-0.0,0.0,-0.0,-0.0,-0.0,-0.0,-0.0,-0.0,-0.0,-0.0,-0.0,-0.0,-0.0,-0.0,-0.0,-0.0,-0.0,-0.0,-0.0,-0.0,0.0,7.0,-0.0,-0.0,-0.0,-0.0,-0.0,-0.0,-0.0,-0.0,-0.0,-0.0,-0.0,-0.0,5.0,-0.0,-0.0,-0.0,-0.0,-0.0,-0.0,-0.0,-0.0,-0.0,-0.0,-0.0,-0.0,-0.0
20,13.84935748067818,13.832393213300065,0.0012249136757269523,2,3818.8477551937103,19950000.0,26,0.0,0.0,0.0,0.0,0.0,0.0,8.0,0.0,0.0,0.0,0.0,0.0,0.0,0.0,0.0,0.0,0.0,0.0,0.0,0.0,0.0,0.0,0.0,0.0,0.0,0.0,0.0,0.0,0.0,0.0,0.0,0.0,0.0,0.0,0.0,0.0,0.0,0.0,0.0,0.0,0.0,0.0,0.0,0.0,0.0,0.0,0.0,0.0,0.0,0.0,0.0,0.0,0.0,0.0,0.0,0.0,0.0,4.0,0.0,0.0,0.0,0.0,0.0,0.0,0.0,2.0,0.0,0.0,0.0,0.0,7.0,0.0,13.0,0.0,0.0,0.0,0.0,0.0,0.0,0.0,0.0,0.0,0.0,0.0,0.0,0.0,0.0,0.0,0.0,0.0,0.0,0.0,0.0,0.0,0.0,0.0,0.0,0.0,0.0,0.0,0.0,0.0,0.0,0.0,0.0,0.0,0.0,0.0,0.0,0.0,0.0,0.0,0.0,0.0,0.0,0.0,0.0,0.0,0.0,0.0,0.0,0.0,0.0,0.0,0.0,0.0,0.0,0.0,10.0,0.0,0.0,0.0,0.0,0.0,0.0,0.0,0.0,0.0,0.0,0.0,0.0,0.0,0.0,0.0,0.0,0.0,0.0,0.0,0.0,0.0,0.0,0.0,0.0,0.0,0.0,0.0,3.0,0.0,0.0,0.0,12.0,12.0,14.0,0.0,1.0,0.0,0.0,0.0,0.0,0.0,0.0,0.0,0.0,0.0,0.0,0.0,0.0,1.0,13.0,0.0,0.0,0.0,2.0,0.0,0.0,0.0,0.0,0.0,0.0,19.0,0.0,8.0,0.0,0.0,0.0,0.0,0.0,0.0,0.0,0.0,0.0,0.0,0.0,0.0,0.0,0.0,5.0,0.0,0.0,0.0,0.0,0.0,0.0,0.0,0.0,0.0,0.0,0.0,0.0,0.0,0.0,0.0,0.0,0.0,0.0,0.0,0.0,0.0,0.0,0.0,0.0,0.0,0.0,0.0,0.0,0.0,0.0,0.0,0.0,0.0,0.0,0.0,0.0,0.0,0.0,0.0,0.0,0.0,0.0,0.0,0.0,0.0,0.0,0.0,0.0,0.0,0.0,0.0,3.0,0.0,0.0,0.0,0.0,0.0,0.0,0.0,4.0,0.0,0.0,0.0,0.0,0.0,0.0,0.0,8.0,12.0,0.0,0.0,0.0,0.0,0.0,0.0,0.0,0.0,0.0,0.0,0.0,0.0,0.0,0.0,0.0,0.0,0.0,0.0,0.0,8.0,0.0,0.0,0.0,0.0,0.0,0.0,0.0,0.0,1.0,0.0,0.0,0.0,0.0,0.0,0.0,0.0,0.0,0.0,0.0,0.0,0.0,0.0,0.0,0.0,0.0,0.0,0.0,0.0,0.0,0.0,0.0,0.0,0.0,0.0,0.0,0.0,0.0,0.0,0.0,9.0,0.0,0.0,0.0,0.0,0.0,0.0,0.0,0.0,0.0,0.0,9.0,0.0,5.0,0.0,0.0,0.0,0.0,0.0,0.0,0.0,0.0,0.0,0.0,0.0,0.0,0.0
30,8.388350576581615,8.354375327579135,0.0040502895881977035,2,1735.8747611045837,29975000.0,35,-0.0,-0.0,-0.0,-0.0,-0.0,-0.0,8.0,-0.0,-0.0,-0.0,-0.0,-0.0,-0.0,-0.0,-0.0,-0.0,-0.0,-0.0,-0.0,-0.0,-0.0,-0.0,-0.0,-0.0,-0.0,-0.0,-0.0,-0.0,-0.0,-0.0,-0.0,-0.0,-0.0,-0.0,-0.0,-0.0,-0.0,-0.0,-0.0,-0.0,-0.0,-0.0,-0.0,-0.0,-0.0,-0.0,-0.0,-0.0,-0.0,-0.0,-0.0,11.0,-0.0,-0.0,-0.0,-0.0,-0.0,7.0,-0.0,-0.0,-0.0,-0.0,-0.0,-0.0,-0.0,5.0,-0.0,-0.0,-0.0,-0.0,7.0,-0.0,13.0,-0.0,-0.0,-0.0,-0.0,-0.0,-0.0,-0.0,-0.0,-0.0,0.0,-0.0,-0.0,-0.0,-0.0,-0.0,-0.0,-0.0,-0.0,-0.0,-0.0,-0.0,-0.0,-0.0,-0.0,-0.0,-0.0,-0.0,-0.0,-0.0,-0.0,-0.0,-0.0,-0.0,-0.0,-0.0,-0.0,-0.0,-0.0,-0.0,-0.0,-0.0,-0.0,-0.0,-0.0,-0.0,-0.0,-0.0,-0.0,-0.0,-0.0,-0.0,-0.0,-0.0,-0.0,-0.0,10.0,-0.0,-0.0,-0.0,-0.0,-0.0,1.0,-0.0,-0.0,-0.0,-0.0,-0.0,-0.0,-0.0,-0.0,-0.0,-0.0,-0.0,-0.0,-0.0,-0.0,-0.0,-0.0,-0.0,-0.0,-0.0,-0.0,-0.0,3.0,-0.0,21.0,-0.0,12.0,12.0,14.0,-0.0,1.0,-0.0,-0.0,-0.0,-0.0,-0.0,-0.0,-0.0,-0.0,-0.0,11.0,-0.0,-0.0,1.0,14.0,-0.0,-0.0,-0.0,2.0,-0.0,-0.0,-0.0,-0.0,-0.0,-0.0,19.0,-0.0,11.0,-0.0,-0.0,-0.0,-0.0,-0.0,-0.0,-0.0,-0.0,-0.0,-0.0,-0.0,-0.0,-0.0,-0.0,6.0,-0.0,-0.0,-0.0,-0.0,-0.0,-0.0,-0.0,-0.0,-0.0,-0.0,-0.0,-0.0,-0.0,-0.0,-0.0,-0.0,-0.0,-0.0,-0.0,-0.0,-0.0,-0.0,-0.0,-0.0,-0.0,-0.0,-0.0,-0.0,-0.0,-0.0,11.0,-0.0,-0.0,-0.0,-0.0,-0.0,-0.0,-0.0,-0.0,-0.0,-0.0,-0.0,-0.0,-0.0,-0.0,-0.0,-0.0,-0.0,-0.0,-0.0,-0.0,4.0,-0.0,-0.0,-0.0,-0.0,-0.0,-0.0,6.0,4.0,-0.0,-0.0,-0.0,-0.0,-0.0,-0.0,-0.0,8.0,12.0,-0.0,-0.0,-0.0,-0.0,-0.0,-0.0,-0.0,-0.0,-0.0,-0.0,-0.0,9.0,-0.0,-0.0,-0.0,-0.0,-0.0,-0.0,-0.0,8.0,-0.0,-0.0,-0.0,-0.0,-0.0,-0.0,-0.0,-0.0,2.0,-0.0,-0.0,-0.0,-0.0,-0.0,-0.0,-0.0,-0.0,-0.0,-0.0,5.0,-0.0,-0.0,-0.0,-0.0,-0.0,-0.0,-0.0,-0.0,-0.0,-0.0,-0.0,-0.0,-0.0,-0.0,-0.0,-0.0,-0.0,-0.0,-0.0,9.0,-0.0,-0.0,10.0,-0.0,-0.0,-0.0,-0.0,-0.0,-0.0,-0.0,9.0,-0.0,5.0,-0.0,-0.0,-0.0,-0.0,-0.0,-0.0,-0.0,-0.0,-0.0,-0.0,-0.0,-0.0,-0.0
