budget,substation,x_SO,x_slow,change,mean_flood_05,mean_flood_25
10,1053,2,3,height,1.5,0.0
10,1061,4,3,height,2.0,2.75
20,1001,4,5,height,3.0,0.0
20,1060,4,0,dropped,0.0,0.25
20,1110,2,0,dropped,0.0,0.0
20,247,7,8,height,7.25,4.75
20,311,2,4,height,3.25,0.25
20,956,11,12,height,4.25,6.5
20,972,0,1,added,0.0,0.0
30,1032,12,11,height,8.0,3.75
30,1061,5,4,height,2.0,2.75
30,1082,10,9,height,7.75,2.25
30,311,5,7,height,3.25,0.25
30,314,1,0,dropped,0.0,0.25
30,327,2,5,height,3.5,1.25
30,969,12,11,height,6.5,5.0
40,1025,0,1,added,0.0,0.0
40,247,9,11,height,7.25,4.75
40,299,8,7,height,6.25,5.25
40,301,13,11,height,8.75,10.75
40,311,5,7,height,3.25,0.25
40,314,1,0,dropped,0.0,0.25
40,327,5,7,height,3.5,1.25
40,972,4,3,height,0.0,0.0
40,977,4,2,height,1.25,0.0
50,1074,2,6,height,4.25,1.25
50,1096,11,0,dropped,7.75,6.75
50,1130,7,9,height,4.0,0.0
50,247,9,11,height,7.25,4.75
50,286,0,3,added,0.75,0.0
50,301,13,11,height,8.75,10.75
50,314,1,0,dropped,0.0,0.25
50,327,5,7,height,3.5,1.25
50,350,0,1,added,0.25,0.0
60,1084,0,5,added,4.75,5.25
60,297,11,9,height,6.5,7.75
60,301,13,11,height,8.75,10.75
60,314,1,0,dropped,0.0,0.25
70,1075,12,11,height,5.75,11.5
70,288,0,6,added,10.25,7.5
70,297,11,9,height,6.5,7.75
70,301,13,11,height,8.75,10.75
70,314,1,0,dropped,0.0,0.25
80,1075,12,11,height,5.75,11.5
80,297,11,9,height,6.5,7.75
80,301,13,11,height,8.75,10.75
80,314,1,0,dropped,0.0,0.25
