budget,L_SO_star,L_SO_star_gap,L_SO_xbar,L0_xSO,L_slow_xSO,L0_xRO,L_slow_xRO,max_xRO,L_RO_star,L0_xMV,L_slow_xMV,WS_slow,L_star_slow,L0_xslow,L_star_slow_solver,slow_gap,delta_mis,delta_mis_pct,delta_rev,risk_shift,jaccard_slow_vs_so
0,44.62125030247,1.7e-05,44.62060513922819,44.620605139230356,46.45392116139571,44.620605139230356,46.45392116139571,56.03461256221459,56.0346125616,44.620605139230356,46.45392116139571,46.45644011943855,46.45392116139571,44.620605139230356,46.45510420528899,0.0036272461255011,0.0,0.0,0.0,1.8333160221653557,1.0
10,22.20144184765,0.0177079999999999,31.2121854473516,22.201997009593832,22.630526685447283,23.451275527630308,24.05713256850827,25.790947839801163,25.81172887286,31.212185447352756,32.924879175003674,14.769308989361221,22.611291489363516,22.284593208947882,22.6111598838354,6.058879849863952e-06,0.019235196083766226,0.08506898463900027,0.08259619935405027,0.40929447976968447,1.0
20,13.74452649386,0.047076,26.404119552520054,13.744533484558922,14.186384570854223,15.127844877582577,15.156938099441717,15.703523315766864,15.70560915694,26.4041195525205,28.398696156835108,6.960546520488304,13.849486384510435,13.6593177982153,13.84935748067818,0.0012249136757269,0.3368981863437881,2.432568089460576,-0.08521568634362175,0.10495289995151325,0.8928571428571429
30,8.302298745292,0.0,23.52390625681369,8.302298749999991,8.47708999999999,8.765967421707765,9.001881796707764,9.915171882729174,9.915171882718,23.523906256814087,26.006375719973153,3.1260962499997156,8.38835104188659,8.388079166886591,8.388350576581615,0.0040502895881977,0.08873895811339949,1.0578832200785147,0.08578041688659965,0.08605229188659891,0.9722222222222222
40,4.796114375,0.0034649999999999,22.00405556079187,4.796114374999988,4.988519374999987,4.996731249999987,5.0240781249999875,5.256549999999987,5.25655,22.004055560792196,24.433833051898368,1.0797724981221286,4.7876968749999875,4.8780581249999875,4.7876968688597685,0.0049563229838187,0.20082249999999924,4.194553357140008,0.08194374999999976,-0.008417500000000189,0.9555555555555556
50,2.35151375,0.000129,21.178435209858776,2.3515137499999885,2.4867199999999885,2.468296874999988,2.4973412499999883,2.5376499999999886,2.53765,21.178435209858385,23.662955285590357,0.19797374998526251,2.3344374999999893,2.488920624999989,2.3344374745709615,0.0,0.1522824999999992,6.52330593558405,0.13740687500000037,-0.017076249999999238,0.9259259259259259
60,0.6042750000007,0.0,21.152049772552687,0.6042749999999966,0.6068399999999967,0.6042749999999966,0.6068399999999967,0.6170999999999971,0.6170999999999,21.147044829504434,23.636605342609624,0.007301249999656534,0.5703393749999977,0.7465912499999972,0.5703393742711,0.0,0.036500624999999065,6.399808009047107,0.1423162500000006,-0.033935624999998915,0.9661016949152542
70,0.02082000000104,0.0,21.152048626586463,0.02081999999999909,0.020819999999998815,0.02081999999999909,0.020819999999998815,0.0208199999999999,0.0208199999998,21.147045114035926,23.636605413284347,-3.410605131648481e-13,0.01691624999999883,0.19943999999999887,0.0169162500000652,0.0,0.0039037499999999836,23.076923076924576,0.17861999999999978,-0.0039037500000002577,0.9696969696969697
80,1.023181539495e-12,0.0,21.152048626586463,-2.670525476103358e-16,-2.670525476103358e-16,-2.670525476103358e-16,-2.670525476103358e-16,0.0,0.0,21.147045114035926,23.636605413284347,-3.410605131648481e-13,-2.670525476103358e-16,0.18382499999999952,1.1368683772161605e-13,0.0,0.0,,0.1838249999999998,0.0,0.9861111111111112
