scenario,w_5_05,w_5_10,w_5_15,w_5_25,wnw_5_05,wnw_5_10,wnw_5_15,wnw_5_25,nw_5_05,nw_5_10,nw_5_15,nw_5_25,nnw_5_05,nnw_5_10,nnw_5_15,nnw_5_25
w_5_05,-6.10405823109339e-17,0.16876799999999942,0.04479899999999989,0.5972201052075186,3.7823565001084014,4.338828287540088,4.135876698792455,2.920021806967726,3.7094264783162294,4.637672783190088,4.3453999963692205,3.10053614394056,3.4007189760972025,3.9636530170457673,3.157458558645778,2.1745039927235963
w_5_10,3.1754177846643215,-6.10405823109339e-17,0.10214399999999965,0.6178186102883798,3.783371194646919,4.338828287540088,4.332418154320246,3.366439754245357,3.683416367241288,4.55102049478122,4.345399996369541,3.1172534983342453,3.4266462228958936,4.026083963024949,3.2138439392139864,2.3935347655653283
w_5_15,4.23956185648388,3.643909550790893,-6.10405823109339e-17,2.4937459621514675,4.220902861498426,4.570778172022393,4.34021626389829,3.9614104665858534,3.8553024706255954,4.653321986682348,4.424623304189803,3.1728270111558485,3.6326929889485866,4.110342367754346,3.271770391953962,2.8031902775312885
w_5_25,3.475636465688557,2.4113543433162,0.16659599999999988,-6.10405823109339e-17,4.154863707729569,4.502238825212351,4.3385158860620425,3.3853041846417185,3.7440761653828707,4.651758054568907,4.422913392033023,2.934761894158668,3.481414614875681,3.9721621765474056,3.0526013016319804,2.4265689187062374
wnw_5_05,1.0274274020818774,0.8845085842636473,0.09489299999999971,0.5364522624343314,-6.10405823109339e-17,3.750177743095732,2.8157714497233957,0.7653214875827672,1.5053102661191122,3.8019805694728945,3.1237995440849073,1.4962000225021896,0.0,2.317263691723447,2.5592695598447164,0.32342416974614696
wnw_5_10,1.0208004624468348,1.013586440285477,0.1007339999999997,0.36585882477820114,0.5821529999999997,0.0058409999999999695,0.10798499999999966,0.576566973695692,0.14572199999999993,2.8784063112271467,2.636019351422538,0.0704369999999999,0.0058409999999999695,0.37938112396137413,0.3793811239703004,0.01309199999999991
wnw_5_15,0.9455684650926596,0.9524708523691174,0.3009029999999998,1.118188970396273,1.0331999999999995,4.538999557083155,-6.10405823109339e-17,0.6335439845613227,0.890342332138584,4.316990588037355,2.8681671485006635,0.033455999999999916,0.28278899999999996,0.6192617290942308,0.5124811345614281,0.00725099999999994
wnw_5_25,1.2527622274328412,0.6545964286351623,0.18876599999999982,0.42428099999999985,3.1686758435526223,4.593107763195986,4.338515886061412,-6.10405823109339e-17,3.0000858158349537,4.651758054566743,4.227102545707443,2.1913393527557887,1.9759391744400947,3.737635769161463,2.2463104452394282,0.10016103872147049
nw_5_05,1.0274274020818503,1.0915954621624746,0.8703475292583729,1.051908502294742,1.4520600746599295,4.720640236754972,3.4732280146551453,0.9751633445583158,0.0,4.085915578006601,3.3971650485083815,1.149203356411682,0.0,2.4061793600707118,1.3687587281531397,0.12236936669232253
nw_5_10,1.0274274020818146,1.032441314160153,0.9607192014852233,1.1147001210062166,1.1146346975803112,1.2376122052760747,0.9606119414311303,0.967845442001132,0.5821529999999998,0.0058409999999999695,0.33292301938895885,0.9662422884199952,0.0058409999999999695,0.0058409999999999695,0.0058409999999999695,0.0058409999999999695
nw_5_15,1.1675952983862625,1.0371504175544803,0.9569086703273457,1.110937983198231,1.3540893121631474,2.512482271228866,1.617010696097693,0.963743958354858,1.1354314753672878,3.2116999513711137,0.0,0.8666746164359882,0.3744329999999999,0.0,0.0,0.0
nw_5_25,1.4578476072508348,1.0615699273666046,0.8820042389839771,1.1147001554619096,3.081541908180212,5.059563821764976,4.6932340217272435,1.5767576599255626,2.38685447300317,4.537363602023325,4.312251050644359,0.0,1.6727532926386792,3.749907821131944,2.1641290439919922,0.0
nnw_5_05,1.2325183161461917,1.2420476525790736,0.9673112810051322,1.4395722135096902,4.068229190045557,5.388291959814637,4.683668056966747,1.8467751862089763,4.784792678946853,5.295799022129924,4.596893246198368,3.797731624728889,0.0,3.5217884795041337,2.804515961924378,0.665710890503812
nnw_5_10,1.2496892615071657,1.091595462161934,0.9672488984263566,1.1485350635590492,2.2813165595110743,4.188484191747908,2.3425527546085054,1.3551038348919011,2.223190710901316,5.603461256228693,4.640944281943114,1.1791010507433306,1.2003572865720264,0.0,0.07100399999999991,0.13383899999999993
nnw_5_15,1.388677076945443,1.091595462162803,0.9672488984266614,1.2620217324212453,2.9916078389645806,4.408697658915015,4.182730140016315,1.5560205390947384,2.838803019993791,5.564627413336618,5.343934245201406,1.3588928463741312,2.429084997805586,3.7395448618575577,0.0,0.7784092580942577
nnw_5_25,2.1125602912989843,1.6078770745696098,1.0336084516904243,1.4304296397326295,4.250225918855426,5.386647398363774,5.367058441185794,3.8044649298661186,4.181118490889404,5.601893011763314,5.343934245196464,4.170908041297746,3.715665298931499,3.994325914032717,3.2295534664127055,0.0
