substation,budget,certain_selection_freq,SO_selected
1001,20,0.5,True
1016,20,0.5625,False
1025,20,0.0625,False
1032,20,0.75,False
1053,20,0.5,True
1060,20,0.4375,True
1061,20,0.9375,True
1062,20,0.3125,False
1065,20,0.1875,False
1069,20,0.75,True
1070,20,0.875,True
1074,20,0.4375,False
1075,20,0.0625,False
1082,20,0.625,False
1083,20,0.375,False
1084,20,0.0625,False
1090,20,0.625,True
1096,20,0.4375,False
1099,20,0.1875,True
1104,20,0.0625,False
1110,20,0.375,True
1111,20,0.1875,False
1130,20,0.5625,True
1132,20,0.0625,False
1133,20,0.6875,False
1141,20,0.75,True
1143,20,0.4375,True
1145,20,0.0625,False
247,20,0.9375,True
286,20,0.125,False
287,20,0.125,False
297,20,0.6875,False
299,20,0.6875,False
301,20,0.8125,False
311,20,0.4375,True
314,20,0.0625,False
327,20,0.625,True
332,20,0.5625,True
334,20,1.0,True
340,20,0.0625,False
350,20,0.0625,False
923,20,0.875,True
929,20,0.125,False
932,20,0.3125,False
951,20,0.4375,True
953,20,0.6875,False
954,20,0.3125,False
955,20,1.0,True
956,20,0.9375,True
957,20,1.0,True
958,20,0.1875,False
959,20,0.4375,True
969,20,0.8125,False
972,20,0.3125,False
973,20,0.9375,True
977,20,0.4375,True
984,20,1.0,True
986,20,0.875,True
993,20,0.5625,False
1001,40,0.5,True
1016,40,1.0,True
1025,40,0.0625,False
1032,40,0.875,True
1053,40,0.5,True
1060,40,0.4375,True
1061,40,0.9375,True
1062,40,1.0,True
1065,40,0.8125,False
1069,40,0.75,True
1070,40,0.875,True
1074,40,0.75,True
1075,40,0.375,False
1082,40,0.8125,True
1083,40,0.75,False
1084,40,0.375,False
1090,40,0.625,True
1096,40,0.8125,False
1099,40,0.1875,True
1104,40,0.0625,True
1107,40,0.5625,False
1110,40,0.375,True
1111,40,1.0,False
1130,40,0.5625,True
1132,40,0.9375,False
1133,40,1.0,True
1136,40,0.4375,False
1141,40,0.75,True
1143,40,0.4375,True
1145,40,0.6875,False
247,40,0.9375,True
274,40,0.75,False
287,40,0.125,False
288,40,0.25,False
297,40,1.0,True
299,40,1.0,True
301,40,1.0,True
311,40,0.4375,True
314,40,0.0625,True
327,40,0.625,True
332,40,0.5625,True
334,40,1.0,True
340,40,0.9375,False
343,40,0.5625,False
349,40,0.5625,False
350,40,0.0625,False
923,40,0.875,True
929,40,0.125,True
932,40,0.8125,False
951,40,0.4375,True
952,40,0.25,False
953,40,1.0,True
954,40,1.0,True
955,40,1.0,True
956,40,0.9375,True
957,40,1.0,True
958,40,0.25,False
959,40,0.4375,True
969,40,1.0,True
972,40,0.3125,True
973,40,1.0,True
977,40,0.5,True
979,40,0.5,False
984,40,1.0,True
986,40,0.875,True
993,40,1.0,True
1001,60,0.5,True
1016,60,1.0,True
1025,60,0.0625,True
1032,60,0.875,True
1053,60,0.5,True
1060,60,0.4375,True
1061,60,0.9375,True
1062,60,1.0,True
1065,60,1.0,True
1069,60,0.75,True
1070,60,0.875,True
1074,60,0.8125,True
1075,60,1.0,False
1082,60,0.8125,True
1083,60,0.8125,True
1084,60,1.0,False
1090,60,0.625,True
1096,60,1.0,True
1099,60,0.1875,True
1104,60,0.0625,True
1107,60,1.0,True
1110,60,0.375,True
1111,60,1.0,True
1130,60,0.5625,True
1132,60,1.0,True
1133,60,1.0,True
1136,60,1.0,False
1141,60,0.75,True
1143,60,0.4375,True
1145,60,1.0,True
247,60,0.9375,True
274,60,1.0,True
286,60,0.0,True
287,60,0.125,True
288,60,0.875,False
297,60,1.0,True
299,60,1.0,True
301,60,1.0,True
311,60,0.4375,True
314,60,0.0625,True
327,60,0.625,True
332,60,0.5625,True
334,60,1.0,True
340,60,1.0,True
343,60,1.0,False
349,60,1.0,False
350,60,0.0625,True
923,60,0.875,True
929,60,0.125,True
932,60,1.0,True
951,60,0.4375,True
952,60,0.875,False
953,60,1.0,True
954,60,1.0,True
955,60,1.0,True
956,60,0.9375,True
957,60,1.0,True
958,60,0.6875,False
959,60,0.4375,True
969,60,1.0,True
972,60,0.3125,True
973,60,1.0,True
977,60,0.5,True
979,60,1.0,False
984,60,1.0,True
986,60,0.875,True
993,60,1.0,True
