budget,n_scenarios,L_WS_star,mean_L_in,L_SO_star,L_SO_star_gap,L_SO_xbar,L_SO_xk_mean,L_SO_xk_min,L_SO_xk_max,regret_mean,cost_of_certainty,cost_of_certainty_pct,overconfidence_mean,worst_case_L_SO,worst_case_L_xk_mean,best_scenario,worst_scenario,n_regret_flags,n_ws_mismatch,n_diag_mismatch,n_tie_break_changed
0,16,44.630551457775354,44.62707757512464,44.62125030247,1.7e-05,44.62060513922819,44.62060513922819,44.62060513922819,44.62060513922819,-0.0006451632418134068,-0.0006451632418134068,-0.0014458654507439786,-0.006472435896448303,56.034612562215095,56.03461256221459,w_5_05,w_5_05,0,0,0,0
10,16,13.629312844488016,13.629312901307035,22.20144184765,0.017707999999999998,31.2121854473516,30.891466564465922,25.89859395019585,37.3812719637167,8.690024716815923,8.690024716815923,39.14171330154286,17.262153663158887,32.49837746685999,48.58253850978575,wnw_5_10,w_5_15,0,0,0,1
20,16,6.360349639926728,6.360349646476195,13.74452649386,0.047076,26.404119552520058,26.501949529823015,17.148564575304363,36.60133653626213,12.757423035963015,12.757423035963015,92.81820688156884,20.14159988334682,21.793279248925504,46.50461161167727,wnw_5_10,w_5_15,0,0,0,1
30,16,2.7672237499997117,2.7672406249997046,8.302298745292,0.0,23.52390625681369,24.14983452904183,12.645122485432069,35.94756825455107,15.84753578374983,15.84753578374983,190.88130010663036,21.382593904042125,11.496139924682401,45.47514972665482,wnw_5_10,w_5_15,0,0,0,0
40,16,0.9433318731221405,0.9436856249996914,4.796114375,0.0034649999999999998,22.00405556079187,22.59301723102328,9.653531663760418,35.87162245752239,17.796902856023276,17.79690285602328,371.0691919440157,21.649331606023587,7.46707,44.81171570647153,wnw_5_10,w_5_15,0,0,0,4
50,16,0.18526687498525618,0.1852668749996802,2.35151375,0.000129,21.178435209858776,21.877566275548602,7.280083731551599,35.87162245766967,19.5260525255486,19.526052525548604,830.3609760116692,21.692299400548922,3.9443200000000727,44.39671372048795,wnw_5_10,w_5_15,0,0,0,8
60,16,0.007301249999656534,0.007301249999656522,0.6042750000007,0.0,21.152049772552687,21.69046271878516,6.4261285073679915,35.87162245766967,21.08618771878446,21.08618771878446,3489.501918623149,21.683161468785503,0.6171000000000001,44.22044229242681,wnw_5_10,w_5_15,0,0,0,12
70,16,-3.410605131648481e-13,-3.410605131648481e-13,0.02082000000104,0.0,21.152048626586463,21.68223361904045,6.331764407495484,35.87162245752239,21.661413619039408,21.661413619039408,104041.3718441757,21.68223361904079,0.020820000000000054,44.21659946547419,wnw_5_10,w_5_15,0,0,0,15
80,16,-3.410605131648481e-13,-3.410605131648481e-13,1.023181539495e-12,0.0,21.152048626586463,21.68223361904045,6.331764407495484,35.87162245752239,21.682233619039426,21.682233619039426,,21.68223361904079,0.0,44.21659946547419,wnw_5_10,w_5_15,0,0,0,15
