plan,budget,L_uniform,eval_time_s,eval_gap,eval_status,L__w_5_05,L__w_5_10,L__w_5_15,L__w_5_25,L__wnw_5_05,L__wnw_5_10,L__wnw_5_15,L__wnw_5_25,L__nw_5_05,L__nw_5_10,L__nw_5_15,L__nw_5_25,L__nnw_5_05,L__nnw_5_10,L__nnw_5_15,L__nnw_5_25
SO,0,44.62060513922819,2.720924139022827,2.2309157226213497e-06,2,43.1600561741655,37.207286099198924,27.891146968837177,32.802207943323815,47.942835893649544,53.88291959814707,53.94892307248158,43.407242677225675,47.8479267894364,56.03461256221459,53.45701831214284,41.70908041297973,46.49685049940014,50.27765234105065,39.667840914955335,38.19608196847681
SO,10,22.20199700959381,2.582051992416382,3.59941703402025e-05,2,20.068106732680842,19.532167948614976,14.98065152486902,18.23979551558224,23.20979352683095,27.846764734554462,24.4121429150031,19.967763837566253,22.29524870963953,32.498376734452336,26.399690195579755,21.721965929433065,20.291989681945513,23.80156888210707,20.886786729782145,19.079138554860055
SO,20,13.744533484558417,1.4911041259765625,1.3270301587032037e-06,2,14.632249999999987,14.047309999999984,9.921909999999986,11.394399999999989,14.247799999999986,18.556419999999978,12.420079999999986,11.833669999999989,12.813669999999986,21.793279248944494,18.934623884723248,11.833669999999989,11.833669999999989,12.420079999999986,11.833669999999989,11.396032619275163
SO,30,8.302298749999636,1.7670509815216064,0.0,2,10.26945999999999,8.779569999999987,7.026099999999989,7.798239999999988,8.08443999999999,10.238919999999991,7.470879999999991,8.044329999999988,7.470879999999992,11.496139999999988,9.088749999999992,7.470879999999992,7.470879999999992,7.470879999999992,7.470879999999992,7.1855499999999894
SO,40,4.796114374999604,1.5408172607421875,0.0,2,7.467069999999985,4.654609999999987,4.099749999999987,4.673919999999986,4.385079999999988,5.456109999999987,4.385079999999988,4.385079999999988,4.385079999999989,6.286479999999988,4.919499999999989,4.385079999999988,4.385079999999988,4.385079999999989,4.385079999999989,4.099749999999988
SO,50,2.351513750000379,1.3362491130828857,0.0,2,3.9443199999999865,2.518909999999989,1.9249299999999878,2.300409999999988,2.1254199999999885,2.9540799999999887,2.1254199999999885,1.965969999999989,2.125419999999989,3.114159999999989,2.417469999999989,1.9659699999999893,2.125419999999989,2.125419999999989,1.9659699999999893,1.9249299999999887
SO,60,0.6042750000006549,1.409775972366333,0.0,2,0.5760599999999958,0.5760599999999958,0.5760599999999958,0.5760599999999958,0.6170999999999964,0.6170999999999971,0.6170999999999964,0.6170999999999964,0.6170999999999971,0.6170999999999971,0.6170999999999971,0.6170999999999971,0.6170999999999971,0.6170999999999971,0.6170999999999971,0.5760599999999965
SO,70,0.020820000001037897,1.5127148628234863,0.0,2,0.020819999999994947,0.020819999999994947,0.020819999999999388,0.020819999999999388,0.020819999999999388,0.020819999999999998,0.020819999999999388,0.020819999999999388,0.020819999999999998,0.020819999999999998,0.020819999999999998,0.020819999999999998,0.020819999999999998,0.020819999999999998,0.020819999999999998,0.020819999999999998
SO,80,1.0231815394945443e-12,1.5292739868164062,0.0,2,-6.10405823109339e-16,-6.10405823109339e-16,-6.10405823109339e-16,-6.10405823109339e-16,-6.10405823109339e-16,0.0,-6.10405823109339e-16,-6.10405823109339e-16,0.0,0.0,0.0,0.0,0.0,0.0,0.0,0.0
RO,0,44.62060513922819,2.7580618858337402,2.2309157226213497e-06,2,43.1600561741655,37.207286099198924,27.891146968837177,32.802207943323815,47.942835893649544,53.88291959814707,53.94892307248158,43.407242677225675,47.8479267894364,56.03461256221459,53.45701831214284,41.70908041297973,46.49685049940014,50.27765234105065,39.667840914955335,38.19608196847681
RO,10,23.451275527629946,2.9603431224823,3.311337837758988e-05,2,24.070207567797375,23.53020152964595,17.95106578676609,21.722516512598403,25.447388683659195,25.44659767147253,24.5425123115709,22.634456478047174,25.446597671466535,25.790947839801163,25.18052526411089,22.607032121290313,23.408723057578833,23.928480137967284,21.797956593793607,21.715199214518666
RO,20,15.127844877581936,3.2342469692230225,2.3846390814590874e-06,2,15.536934337490719,14.406595824313223,12.578188230725276,15.696992783974624,15.412882456466724,15.40196185216689,15.412629913298927,15.18986653994441,15.401961852170993,15.703523315766864,15.703523315759538,15.168393776785573,15.015337109968103,15.401961852172045,15.168393774671616,14.846371105645696
RO,30,8.765967421707785,1.5284771919250488,9.980506140293788e-08,2,9.794229999999986,8.595729999999985,6.764049999999989,8.809989999999988,9.293259999999988,9.432342491260213,8.984049999999987,8.474049999999988,8.397639999999988,9.91517188247846,9.915171882729174,7.900599999999992,8.397639999999988,9.43234249130965,9.225709999546883,6.92349999999999
RO,40,4.9967312499998116,1.488016128540039,0.0,2,5.256549999999987,4.973139999999987,4.728849999999987,5.104329999999988,5.014179999999987,5.014179999999988,5.014179999999987,5.014179999999987,5.014179999999988,5.014179999999988,5.014179999999988,5.014179999999988,5.014179999999988,5.014179999999988,5.014179999999988,4.728849999999988
RO,50,2.468296875000192,1.9652190208435059,0.0,2,2.5151299999999863,2.5151299999999863,1.9602699999999866,2.335749999999987,2.537649999999988,2.5376499999999886,2.5376499999999873,2.537649999999988,2.537649999999988,2.537649999999988,2.5376499999999886,2.5376499999999886,2.5376499999999886,2.537649999999988,2.5376499999999886,2.252319999999987
RO,60,0.6042750000006549,1.383979082107544,0.0,2,0.5760599999999958,0.5760599999999958,0.5760599999999958,0.5760599999999958,0.6170999999999964,0.6170999999999971,0.6170999999999964,0.6170999999999964,0.6170999999999971,0.6170999999999971,0.6170999999999971,0.6170999999999971,0.6170999999999971,0.6170999999999971,0.6170999999999971,0.5760599999999965
RO,70,0.020820000001037897,1.4791429042816162,0.0,2,0.020819999999994947,0.020819999999994947,0.020819999999999388,0.020819999999999388,0.020819999999999388,0.020819999999999998,0.020819999999999388,0.020819999999999388,0.020819999999999998,0.020819999999999998,0.020819999999999998,0.020819999999999998,0.020819999999999998,0.020819999999999998,0.020819999999999998,0.020819999999999998
RO,80,1.0231815394945443e-12,1.4702410697937012,0.0,2,-6.10405823109339e-16,-6.10405823109339e-16,-6.10405823109339e-16,-6.10405823109339e-16,-6.10405823109339e-16,0.0,-6.10405823109339e-16,-6.10405823109339e-16,0.0,0.0,0.0,0.0,0.0,0.0,0.0,0.0
MV,0,44.62060513922819,2.7729761600494385,2.2309157226213497e-06,2,43.1600561741655,37.207286099198924,27.891146968837177,32.802207943323815,47.942835893649544,53.88291959814707,53.94892307248158,43.407242677225675,47.8479267894364,56.03461256221459,53.45701831214284,41.70908041297973,46.49685049940014,50.27765234105065,39.667840914955335,38.19608196847681
MV,10,31.2121854473516,1.7422730922698975,1.5852249490638913e-05,2,24.312182435026617,24.047125764529763,19.65269906607234,20.85422384199224,35.260327970244425,53.75741392879928,41.570984844168066,22.83567718030793,27.58418492166963,48.95195557913566,44.935250146259825,20.57373728972574,22.675024807358515,40.92792033932748,33.291276863167994,18.16498217985857
MV,20,26.404119552520058,3.2052178382873535,4.468144949827161e-06,2,16.100284984697915,15.463007705417029,14.679453479773366,14.679453479773757,31.32328133288554,53.19220920578766,38.531469832993544,11.800536322458738,22.820360280995487,47.500531645884735,43.46917164093009,18.9712880888523,16.143428260226305,38.2309460111501,30.537639269814694,9.022851298686737
MV,30,23.52390625681369,2.786062717437744,4.087568342645134e-06,2,12.3619494721153,12.407287512385421,11.072364190429324,11.391169952098734,29.99007340349981,52.49370108065843,38.2097409444833,9.74869988939062,20.926777507412837,46.8416028663633,42.24007123958082,9.768014585633379,11.86576999999998,35.48737561813148,27.0607273014825,4.5171745453601275
MV,40,22.00405556079187,3.1205649375915527,1.7072533322161738e-05,2,10.647474389492556,10.692730428379924,8.954680057489517,9.94270322171474,29.95152859875024,52.493701080657964,37.80341730155033,9.313729798585923,18.409140696784583,46.16232747487413,41.57169836745347,7.4947506319098345,8.759949999999993,33.496506127778055,24.230080622135677,2.1404701751181205
MV,50,21.178435209858776,3.2166330814361572,1.5627881504212857e-05,2,10.006183743159578,10.05308066983613,8.052730391566033,9.041895940897405,29.72995579576442,52.47734114111542,36.53166720626665,8.535537570637894,17.49104119272902,46.05386926140745,41.23754614550907,6.446297545032679,7.786719999999999,31.416598665164095,22.756649625274818,1.2378484633734967
MV,60,21.147044829504694,3.9250850677490234,1.3322577173430805e-05,2,10.003372177292734,10.050249095110734,8.041476193011334,9.041101757616897,29.679428873257343,52.47734114112197,36.09935696844545,8.514856734623113,17.61529382054811,46.03827728925599,41.21734427994604,6.425668662489418,7.765899999999999,31.3964524405022,22.737198332163864,1.2493995066857178
MV,70,21.147045114036132,1.7005209922790527,7.569978893887997e-05,2,10.003372177293665,10.050249095111514,8.04147732352757,9.041102678960879,29.679428873257486,52.4773411411282,36.099356968737034,8.514859234984108,17.615293820546903,46.03827728923986,41.21734427994671,6.42566866249815,7.765899999999999,31.396452440503367,22.73719833215919,1.2493995066801642
MV,80,21.147045114036132,1.7287406921386719,7.569978893887997e-05,2,10.003372177293665,10.050249095111514,8.04147732352757,9.041102678960879,29.679428873257486,52.4773411411282,36.099356968737034,8.514859234984108,17.615293820546903,46.03827728923986,41.21734427994671,6.42566866249815,7.765899999999999,31.396452440503367,22.73719833215919,1.2493995066801642
